{
  "areas": [
    "Malabar Hill, Mumbai",
    "Juhu, Mumbai",
    "Worli, Mumbai",
    "Bandra, Mumbai",
    "Powai, Mumbai",
    "Pali Hill, Mumbai",
    "Tardeo, Mumbai",
    "Altamount Road, Mumbai",
    "Colaba, Mumbai",
    "Carmichael Road, Mumbai",
    "Nepean Sea Road, Mumbai",
    "Breach Candy, Mumbai",
    "Cuffe Parade, Mumbai",
    "Walkeshwar, Mumbai",
    "Marine Drive, Mumbai",
    "Lokhandwala Complex, Mumbai",
    "Versova, Mumbai",
    "Khar, Mumbai",
    "Andheri, Mumbai",
    "Goregaon, Mumbai",
    "Vile Parle, Mumbai",
    "Nariman Point, Mumbai",
    "Prabhadevi, Mumbai",
    "Matunga, Mumbai",
    "Mahim, Mumbai",
    "Mulund, Mumbai",
    "Borivali, Mumbai",
    "Ghatkopar, Mumbai",
    "BKC, Mumbai",
    "Hiranandani Gardens, Mumbai",
    "Jayanagar, Bangalore",
    "Indiranagar, Bangalore",
    "Koramangala, Bangalore",
    "Whitefield, Bangalore",
    "Malleswaram, Bangalore",
    "Sadashivanagar, Bangalore",
    "HSR Layout, Bangalore",
    "JP Nagar, Bangalore",
    "Hebbal, Bangalore",
    "Rajajinagar, Bangalore",
    "Benson Town, Bangalore",
    "Cooke Town, Bangalore",
    "Yelahanka, Bangalore",
    "Richmond Town, Bangalore",
    "Fraser Town, Bangalore",
    "Banashankari, Bangalore",
    "Ulsoor, Bangalore",
    "Basavanagudi, Bangalore",
    "Banaswadi, Bangalore",
    "Electronic City, Bangalore",
    "Marathahalli, Bangalore",
    "Bellandur, Bangalore",
    "Chattarpur, Delhi",
    "Vasant Kunj, Delhi",
    "Vasant Vihar, Delhi",
    "Hauz Khas, Delhi",
    "Green Park, Delhi",
    "Greater Kailash, Delhi",
    "Defense Colony, Delhi",
    "Anand Niketan, Delhi",
    "Chanakyapuri, Delhi",
    "Jor Bagh, Delhi",
    "Safdarjung Enclave, Delhi",
    "Panchsheel Park, Delhi",
    "Saket, Delhi",
    "New Friends Colony, Delhi",
    "Maharani Bagh, Delhi",
    "Friends Colony, Delhi",
    "Sainik Farms, Delhi",
    "Shanti Niketan, Delhi",
    "Westend, Delhi",
    "Golf Links, Delhi",
    "Jangpura, Delhi",
    "Mayfair Gardens, Delhi",
    "Nizamuddin East, Delhi",
    "Mehrauli, Delhi",
    "Civil Lines, Delhi",
    "Karol Bagh, Delhi",
    "Lajpat Nagar, Delhi",
    "Ashok Vihar, Delhi",
    "Rohini, Delhi",
    "Pitampura, Delhi",
    "Dwarka, Delhi",
    "Paschim Vihar, Delhi",
    "Kirti Nagar, Delhi",
    "Janakpuri, Delhi",
    "Preet Vihar, Delhi",
    "Vaishali, Ghaziabad",
    "Kaushambi, Ghaziabad",
    "Vasundhara, Ghaziabad",
    "Shipra Suncity, Ghaziabad",
    "Indirapuram, Ghaziabad",
    "Raj Nagar, Ghaziabad",
    "Gomti Nagar, Lucknow",
    "Hazratganj, Lucknow",
    "Indira Nagar, Lucknow",
    "Mahanagar, Lucknow",
    "Aliganj, Lucknow",
    "Nirala Nagar, Lucknow",
    "Jankipuram, Lucknow",
    "Aashiyana, Lucknow",
    "Alambagh, Lucknow",
    "Vikas Nagar, Lucknow",
    "Charbagh, Lucknow",
    "Virat Khand, Lucknow",
    "Faizabad Road, Lucknow",
    "Butler Colony, Lucknow",
    "Rajajipuram, Lucknow",
    "Telibagh, Lucknow",
    "Sushant Golf City, Lucknow",
    "Cantonment, Lucknow",
    "Tikait Rai Talab, Lucknow",
    "C Scheme, Jaipur",
    "Civil Lines, Jaipur",
    "Malviya Nagar, Jaipur",
    "Vaishali Nagar, Jaipur",
    "Mansarovar, Jaipur",
    "Bani Park, Jaipur",
    "Raja Park, Jaipur",
    "Durgapura, Jaipur",
    "Adarsh Nagar, Jaipur",
    "Jawahar Nagar, Jaipur",
    "Jagatpura, Jaipur",
    "Shyam Nagar, Jaipur",
    "Ajmer Road, Jaipur",
    "Sanganer, Jaipur",
    "Pratap Nagar, Jaipur",
    "Murlipura, Jaipur",
    "Gopalpura, Jaipur",
    "Nirman Nagar, Jaipur",
    "Sikar Road, Jaipur",
    "Bajaj Nagar, Jaipur",
    "Bapu Nagar, Jaipur",
    "Tonk Road, Jaipur",
    "Gopalpura Bypass, Jaipur",
    "Bicholi Mardana, Indore",
    "Vijay Nagar, Indore",
    "Saket Nagar, Indore",
    "Palasia, Indore",
    "Nipania, Indore",
    "Rau, Indore",
    "Mhow, Indore",
    "Khajrana, Indore",
    "Pipliyahana, Indore",
    "Rani Sati Gate, Indore",
    "Rajwada, Indore",
    "Sudama Nagar, Indore",
    "Bhawarkua, Indore",
    "Musakhedi, Indore",
    "Bhanwar Kuan, Indore",
    "Tilak Nagar, Indore",
    "Juna Risala, Indore",
    "Sapna Sangeeta Road, Indore",
    "Gwalior",
    "City Centre, Gwalior",
    "Lashkar, Gwalior",
    "Thatipur, Gwalior",
    "Morar, Gwalior",
    "University Road, Gwalior",
    "Phoolbagh, Gwalior",
    "Hazira, Gwalior",
    "Dabra, Gwalior",
    "Maharaj Bada, Gwalior",
    "Tansen Nagar, Gwalior",
    "Sarafa Bazar, Gwalior",
    "Gandhi Nagar, Gwalior",
    "Shekhawati, Rajasthan",
    "Sirsa, Rajasthan",
    "Jhunjhunu, Rajasthan",
    "Churu, Rajasthan",
    "Sikar, Rajasthan",
    "Jaipur, Rajasthan",
    "Pilani, Rajasthan",
    "Barmer, Rajasthan",
    "Jodhpur, Rajasthan",
    "Udaipur, Rajasthan",
    "Bikaner, Rajasthan",
    "Kota, Rajasthan",
    "Alwar, Rajasthan",
    "Bharatpur, Rajasthan",
    "Pali, Rajasthan",
    "Ajmer, Rajasthan",
    "Jaisalmer, Rajasthan",
    "Bundi, Rajasthan",
    "Tonk, Rajasthan",
    "Chittorgarh, Rajasthan",
    "Bhilwara, Rajasthan",
    "Gangtok, Sikkim",
    "Dehradun, Uttarakhand",
    "Rishikesh, Uttarakhand",
    "Haridwar, Uttarakhand",
    "Nainital, Uttarakhand",
    "Mussoorie, Uttarakhand",
    "Haldwani, Uttarakhand",
    "Roorkee, Uttarakhand",
    "Rudrapur, Uttarakhand",
    "Kashipur, Uttarakhand",
    "Almora, Uttarakhand",
    "Pithoragarh, Uttarakhand",
    "Joshimath, Uttarakhand",
    "Tehri, Uttarakhand",
    "Chamoli, Uttarakhand",
    "Bageshwar, Uttarakhand",
    "Ghaziabad",
    "Noida",
    "Greater Noida",
    "Faridabad",
    "Gurgaon",
    "Ambala",
    "Karnal",
    "Panipat",
    "Sonipat",
    "Rohtak",
    "Hisar",
    "Bhiwani",
    "Sirsa",
    "Rewari",
    "Pataudi",
    "Jind",
    "Kaithal",
    "Kurukshetra",
    "Yamunanagar",
    "Narnaul",
    "Charkhi Dadri",
    "Fatehabad",
    "Jhajjar",
    "Palwal",
    "Hansi",
    "Kosli",
    "Mahendragarh",
    "Mandi Dabwali",
    "Nilokheri",
    "Ratia",
    "Shahabad",
    "Tohana",
    "Adampur",
    "Bawani Khera",
    "Bawal",
    "Beri",
    "Bhuna",
    "Bilaspur",
    "Chhachhrauli",
    "Chhatarpur",
    "Dadri",
    "Dharuhera",
    "Ellenabad",
    "Ferozepur Jhirka",
    "Gohana",
    "Guhla",
    "Hodal",
    "Kanina",
    "Loharu",
    "Maham",
    "Meham",
    "Narnaund",
    "Naraingarh",
    "Narwana",
    "Pinjore",
    "Radaur",
    "Samalkha",
    "Shahbad",
    "Uchana",
    "Badshahpur",
    "Farukhnagar",
    "Ferozepur",
    "Hathin",
    "Punhana",
    "Sohna",
    "Taoru",
    "Taraori",
    "Babain",
    "Bapoli",
    "Barara",
    "Bhondsi",
    "Hansi",
    "Koregaon Park",
    "Kalyani Nagar",
    "Viman Nagar",
    "Baner",
    "Aundh",
    "Boat Club Road",
    "Magarpatta City",
    "Pune Camp",
    "Hadapsar",
    "Wadgaon Sheri"
  ]
}
