"Aashiyana, Lucknow","Adampur","Adarsh Nagar, Jaipur","Adyar, Chennai","Ahmedabad Bopal","Ahmedabad CG Road","Ahmedabad Navrangpura","Ahmedabad SG Highway","Ahmedabad Satellite","Ahmedabad Vastrapur","Airoli, Navi Mumbai","Ajmer Road, Jaipur","Ajmer, Rajasthan","Alambagh, Lucknow","Aliganj, Lucknow","Alipore, Kolkata","Almora, Uttarakhand","Altamount Road, Mumbai","Alwar, Rajasthan","Ambala","Ambernath, Thane","Amboli, Mumbai","Ameerpet, Hyderabad","Anand Niketan, Delhi","Andheri East, Mumbai","Andheri West, Mumbai","Andheri, Mumbai","Anna Nagar, Chennai","Ashok Vihar, Delhi","Aundh","Aundh, Pune","BKC, Mumbai","Babain","Badlapur, Thane","Badshahpur","Bageshwar, Uttarakhand","Bajaj Nagar, Jaipur","Ballygunge, Kolkata","Banashankari 1st Stage, Bangalore","Banashankari 2nd Stage, Bangalore","Banashankari 3rd Stage, Bangalore","Banashankari 4th Stage, Bangalore","Banashankari, Bangalore","Banaswadi 2nd Stage, Bangalore","Banaswadi, Bangalore","Bandra East, Mumbai","Bandra West, Mumbai","Bandra, Mumbai","Baner","Baner, Pune","Bani Park, Jaipur","Banjara Hills, Hyderabad","Bapoli","Bapu Nagar, Jaipur","Barara","Barmer, Rajasthan","Basavanagudi, Bangalore","Bawal","Bawani Khera","Begumpet, Hyderabad","Behala, Kolkata","Belapur, Navi Mumbai","Bellandur, Bangalore","Benson Town, Bangalore","Beri","Besant Nagar, Chennai","Bhandup, Mumbai","Bhanwar Kuan, Indore","Bharatpur, Rajasthan","Bhawarkua, Indore","Bhayandar, Mumbai","Bhayandar, Thane","Bhilwara, Rajasthan","Bhiwani","Bhondsi","Bhubaneswar, Odisha","Bhuna","Bicholi Mardana, Indore","Bikaner, Rajasthan","Bilaspur","Boat Club Road","Boat Club Road, Pune","Boring Road, Patna","Borivali, Mumbai","Breach Candy, Mumbai","Bundi, Rajasthan","Butler Colony, Lucknow","C Scheme, Jaipur","CBD Belapur, Navi Mumbai","Cantonment, Lucknow","Carmichael Road, Mumbai","Chamoli, Uttarakhand","Chanakyapuri, Delhi","Chandigarh","Charbagh, Lucknow","Charkhi Dadri","Charkop, Mumbai","Chattarpur, Delhi","Chembur, Mumbai","Chennai Adyar","Chennai Anna Nagar","Chennai Besant Nagar","Chennai Mylapore","Chennai OMR","Chennai T Nagar","Chennai Velachery","Chhachhrauli","Chhatarpur","Chittorgarh, Rajasthan","Chromepet, Chennai","Churu, Rajasthan","City Centre, Gwalior","Civil Lines, Delhi","Civil Lines, Jaipur","Colaba, Mumbai","Cooke Town, Bangalore","Cuffe Parade, Mumbai","Cuttack, Odisha","Dabra, Gwalior","Dadar, Mumbai","Dadri","Darbhanga, Bihar","Defense Colony, Delhi","Dehradun, Uttarakhand","Dharuhera","Dispur, Assam","Dombivli, Thane","Domlur, Bangalore","Durgapura, Jaipur","Dwarka Sector 1, Delhi","Dwarka Sector 10, Delhi","Dwarka Sector 11, Delhi","Dwarka Sector 12, Delhi","Dwarka Sector 2, Delhi","Dwarka Sector 3, Delhi","Dwarka Sector 4, Delhi","Dwarka Sector 5, Delhi","Dwarka Sector 6, Delhi","Dwarka Sector 7, Delhi","Dwarka Sector 8, Delhi","Dwarka Sector 9, Delhi","Dwarka, Delhi","Electronic City, Bangalore","Ellenabad","Faizabad Road, Lucknow","Faridabad","Farukhnagar","Fatehabad","Ferozepur","Ferozepur Jhirka","Fraser Town, Bangalore","Friends Colony, Delhi","Gachibowli, Hyderabad","Gandhi Nagar, Gwalior","Gangtok, Sikkim","Garia, Kolkata","Ghansoli, Navi Mumbai","Ghatkopar East, Mumbai","Ghatkopar West, Mumbai","Ghatkopar, Mumbai","Ghaziabad","Gohana","Golf Links, Delhi","Gomti Nagar, Lucknow","Gopalpura Bypass, Jaipur","Gopalpura, Jaipur","Goregaon East, Mumbai","Goregaon West, Mumbai","Goregaon, Mumbai","Greater Kailash, Delhi","Greater Noida","Greater Noida Alpha","Greater Noida Beta","Greater Noida Delta","Greater Noida Gamma","Greater Noida Omega","Green Park, Delhi","Guhla","Guindy, Chennai","Gurgaon","Guwahati, Assam","Gwalior","HSR Layout 1st Sector, Bangalore","HSR Layout 2nd Sector, Bangalore","HSR Layout 3rd Sector, Bangalore","HSR Layout, Bangalore","Hadapsar","Hadapsar, Pune","Haldwani, Uttarakhand","Hansi","Haridwar, Uttarakhand","Hathin","Hatia, Ranchi","Hauz Khas, Delhi","Hazira, Gwalior","Hazratganj, Lucknow","Hebbal, Bangalore","Hiranandani Gardens, Mumbai","Hisar","Hitech City, Hyderabad","Hodal","Howrah, Kolkata","Hyderabad Ameerpet","Hyderabad Banjara Hills","Hyderabad Gachibowli","Hyderabad Hitech City","Hyderabad Jubilee Hills","Hyderabad Kondapur","Hyderabad Madhapur","Hyderabad Miyapur","Hyderabad Secunderabad","Indira Nagar, Lucknow","Indiranagar, Bangalore","Indirapuram, Ghaziabad","JP Nagar, Bangalore","Jagatpura, Jaipur","Jaipur, Rajasthan","Jaisalmer, Rajasthan","Janakpuri, Delhi","Jangpura, Delhi","Jankipuram, Lucknow","Jawahar Nagar, Jaipur","Jayanagar, Bangalore","Jhajjar","Jhunjhunu, Rajasthan","Jind","Jodhpur, Rajasthan","Jogeshwari, Mumbai","Jor Bagh, Delhi","Jorhat, Assam","Joshimath, Uttarakhand","Jubilee Hills, Hyderabad","Juhu, Mumbai","Juna Risala, Indore","Kaithal","Kalamboli, Navi Mumbai","Kalyan, Thane","Kalyani Nagar","Kalyani Nagar, Pune","Kanina","Kankarbagh, Patna","Kanke, Ranchi","Karnal","Karol Bagh, Delhi","Kashipur, Uttarakhand","Kaushambi, Ghaziabad","Kengeri, Bangalore","Khajrana, Indore","Khar East, Mumbai","Khar West, Mumbai","Khar, Mumbai","Kharghar, Navi Mumbai","Kirti Nagar, Delhi","Kolkata Ballygunge","Kolkata Behala","Kolkata Dum Dum","Kolkata Garia","Kolkata Maidan, Kolkata","Kolkata New Town","Kolkata Park Street","Kolkata Salt Lake","Kolkata Tollygunge","Koramangala 1st Block, Bangalore","Koramangala 2nd Block, Bangalore","Koramangala 3rd Block, Bangalore","Koramangala 4th Block, Bangalore","Koramangala, Bangalore","Koregaon Park","Koregaon Park, Pune","Kosli","Kota, Rajasthan","Kukatpally, Hyderabad","Kurla, Mumbai","Kurukshetra","Lajpat Nagar, Delhi","Lashkar, Gwalior","Lingampally, Hyderabad","Loharu","Lokhandwala Complex, Mumbai","Madhapur, Hyderabad","Madhubani, Bihar","Magarpatta City","Magarpatta City, Pune","Maham","Mahanagar, Lucknow","Maharaj Bada, Gwalior","Maharani Bagh, Delhi","Mahendragarh","Mahim, Mumbai","Malabar Hill, Mumbai","Malad East, Mumbai","Malad West, Mumbai","Malleshwaram, Bangalore","Malleswaram, Bangalore","Malviya Nagar, Jaipur","Mandi Dabwali","Mansarovar, Jaipur","Marathahalli, Bangalore","Marine Drive, Mumbai","Matunga, Mumbai","Mayfair Gardens, Delhi","Mayur Vihar Phase 1, Delhi","Mayur Vihar Phase 2, Delhi","Mayur Vihar Phase 3, Delhi","Mayur Vihar Phase 4, Delhi","Meham","Mehrauli, Delhi","Mhow, Indore","Mira Road, Mumbai","Mira Road, Thane","Mithapur, Patna","Morar, Gwalior","Mulund, Mumbai","Murlipura, Jaipur","Musakhedi, Indore","Mussoorie, Uttarakhand","Muzaffarpur, Bihar","Nainital, Uttarakhand","Naraingarh","Nariman Point, Mumbai","Narnaul","Narnaund","Narwana","Nepean Sea Road, Mumbai","Nerul, Navi Mumbai","New Friends Colony, Delhi","New Town, Kolkata","Nilokheri","Nipania, Indore","Nirala Nagar, Lucknow","Nirman Nagar, Jaipur","Nizamuddin East, Delhi","Noida","Noida Sector 18","Noida Sector 19","Noida Sector 20","Noida Sector 21","Noida Sector 22","Noida Sector 23","Noida Sector 24","Noida Sector 25","Noida Sector 50","Noida Sector 62","Old Airport Road, Bangalore","Palasia, Indore","Pali Hill, Mumbai","Pali, Rajasthan","Palwal","Panchsheel Park, Delhi","Panipat","Panvel, Raigad","Parel, Mumbai","Paschim Vihar, Delhi","Pataudi","Patna City, Patna","Peenya, Bangalore","Phoolbagh, Gwalior","Pilani, Rajasthan","Pinjore","Pipliyahana, Indore","Pitampura, Delhi","Pithoragarh, Uttarakhand","Porur, Chennai","Powai, Mumbai","Prabhadevi, Mumbai","Pratap Nagar, Jaipur","Preet Vihar, Delhi","Pune Aundh","Pune Baner","Pune Camp","Pune Camp, Pune","Pune Hadapsar","Pune Hinjewadi","Pune Kalyani Nagar","Pune Koregaon Park East","Pune Koregaon Park West","Pune Magarpatta City","Pune Shivajinagar","Pune Viman Nagar","Punhana","Purasawalkam, Chennai","Puri, Odisha","Radaur","Raj Nagar, Ghaziabad","Raja Park, Jaipur","Rajajinagar East, Bangalore","Rajajinagar West, Bangalore","Rajajinagar, Bangalore","Rajajipuram, Lucknow","Rajendra Nagar, Patna","Rajwada, Indore","Ranchi City, Ranchi","Rani Sati Gate, Indore","Ratia","Rau, Indore","Rewari","Richmond Town, Bangalore","Rishikesh, Uttarakhand","Rohini Sector 1, Delhi","Rohini Sector 10, Delhi","Rohini Sector 2, Delhi","Rohini Sector 3, Delhi","Rohini Sector 4, Delhi","Rohini Sector 5, Delhi","Rohini Sector 6, Delhi","Rohini Sector 7, Delhi","Rohini Sector 8, Delhi","Rohini Sector 9, Delhi","Rohini, Delhi","Rohtak","Roorkee, Uttarakhand","Rourkela, Odisha","Rudrapur, Uttarakhand","Sadashivanagar, Bangalore","Safdarjung Enclave, Delhi","Sainik Farms, Delhi","Saket Nagar, Indore","Saket, Delhi","Salt Lake, Kolkata","Samalkha","Sampangiram Nagar, Bangalore","Sanganer, Jaipur","Santacruz East, Mumbai","Santacruz West, Mumbai","Sapna Sangeeta Road, Indore","Sarafa Bazar, Gwalior","Sector V, Kolkata","Secunderabad, Hyderabad","Shahabad","Shahbad","Shalimar Bagh, Delhi","Shanti Niketan, Delhi","Shekhawati, Rajasthan","Shipra Suncity, Ghaziabad","Shyam Nagar, Jaipur","Shyambazar, Kolkata","Sikar Road, Jaipur","Sikar, Rajasthan","Silchar, Assam","Sion, Mumbai","Sirsa","Sirsa, Rajasthan","Sohna","Sonipat","Sudama Nagar, Indore","Sushant Golf City, Lucknow","T Nagar, Chennai","Tansen Nagar, Gwalior","Taoru","Taraori","Tardeo, Mumbai","Tehri, Uttarakhand","Telibagh, Lucknow","Tezpur, Assam","Thane East, Thane","Thane West, Thane","Thane, Thane","Thatipur, Gwalior","Thiruvanmiyur, Chennai","Tikait Rai Talab, Lucknow","Tilak Nagar, Indore","Tohana","Tollygunge, Kolkata","Tonk Road, Jaipur","Tonk, Rajasthan","Trombay, Mumbai","Uchana","Udaipur, Rajasthan","Ulhasnagar, Thane","Ulsoor, Bangalore","Ulwe, Navi Mumbai","University Road, Gwalior","Vaishali Nagar, Jaipur","Vaishali, Ghaziabad","Vasai, Palghar","Vasant Kunj, Delhi","Vasant Vihar, Delhi","Vashi, Navi Mumbai","Vasundhara, Ghaziabad","Velachery, Chennai","Versova, Mumbai","Vijay Nagar, Indore","Vijayanagar, Bangalore","Vikas Nagar, Lucknow","Vikhroli, Mumbai","Vile Parle, Mumbai","Viman Nagar","Viman Nagar, Pune","Virar, Palghar","Virat Khand, Lucknow","Wadgaon Sheri","Wadgaon Sheri, Pune","Walkeshwar, Mumbai","Westend, Delhi","Whitefield, Bangalore","Worli, Mumbai","Yamunanagar","Yelahanka, Bangalore","Yeshwanthpur, Bangalore"